{"stat.walkOneCm":64969,"stat.leaveGame":12,"stat.craftItem.minecraft.crafting_table":1,"stat.pickup.securitycraft.keycard_holder":2,"stat.mineBlock.minecraft.coal_ore":8,"stat.pickup.knapm.clothes":3,"stat.pickup.minecraft.log":37,"stat.jump":80,"stat.pickup.minecraft.coal":7,"stat.fallOneCm":1069,"stat.useItem.minecraft.stone_axe":7,"stat.pickup.minecraft.tallgrass":1,"stat.crouchOneCm":501,"stat.pickup.minecraft.sapling":17,"stat.pickup.minecraft.dirt":7,"stat.useItem.minecraft.dirt":5,"stat.sprintOneCm":2872,"stat.useItem.minecraft.tallgrass":2,"stat.useItem.minecraft.stone_slab2":2,"stat.craftItem.minecraft.stick":8,"stat.craftingTableInteraction":2,"stat.useItem.minecraft.sapling":3,"stat.craftItem.minecraft.planks":20,"stat.craftItem.minecraft.stone_axe":1,"stat.damageTaken":560,"stat.craftItem.minecraft.stone_pickaxe":1,"stat.useItem.minecraft.wooden_pickaxe":10,"stat.pickup.minecraft.cobblestone":19,"stat.mineBlock.minecraft.log":37,"stat.craftItem.minecraft.stone_sword":1,"stat.flyOneCm":1267,"stat.deaths":2,"stat.mineBlock.minecraft.leaves":1,"stat.playOneMinute":58578,"stat.useItem.minecraft.stone_pickaxe":19,"stat.sneakTime":483,"stat.timeSinceDeath":31218,"stat.mineBlock.minecraft.dirt":7,"stat.craftItem.minecraft.wooden_pickaxe":1,"stat.mineBlock.minecraft.stone":20,"stat.mineBlock.minecraft.tallgrass":2}