{"stat.walkOneCm":53281,"stat.leaveGame":11,"stat.damageTaken":560,"stat.pickup.securitycraft.keycard_holder":1,"stat.pickup.knapm.clothes":2,"stat.flyOneCm":1039,"stat.deaths":2,"stat.jump":43,"stat.playOneMinute":31599,"stat.fallOneCm":1069,"stat.sneakTime":466,"stat.pickup.minecraft.tallgrass":1,"stat.crouchOneCm":451,"stat.timeSinceDeath":4239,"stat.pickup.minecraft.dirt":3,"stat.sprintOneCm":2220,"stat.mineBlock.minecraft.dirt":3,"stat.useItem.minecraft.tallgrass":2,"stat.useItem.minecraft.stone_slab2":1,"stat.mineBlock.minecraft.tallgrass":1}