{"stat.chestOpened":12,"stat.flyOneCm":67459,"stat.pickup.minecraft.lever":1,"stat.walkOneCm":133376,"stat.jump":219,"stat.playOneMinute":44947,"stat.useItem.minecraft.lever":1,"stat.fallOneCm":566,"stat.climbOneCm":519,"stat.useItem.minecraft.redstone":9,"stat.leaveGame":1,"stat.sneakTime":470,"stat.damageTaken":30,"stat.pickup.minecraft.redstone":3,"stat.crouchOneCm":701,"stat.enderchestOpened":1,"stat.timeSinceDeath":44947,"stat.sprintOneCm":55812,"stat.useItem.minecraft.stone_slab2":216,"stat.craftingTableInteraction":1}