{"stat.cakeSlicesEaten":7,"stat.craftItem.cfm.freezer":1,"stat.pickup.minecraft.bone":12,"stat.leaveGame":3,"stat.mineBlock.minecraft.cobblestone":2,"stat.pickup.minecraft.flower_pot":2,"stat.swimOneCm":23029,"stat.craftItem.minecraft.clock":2,"stat.craftItem.minecraft.shield":1,"stat.climbOneCm":4916,"stat.mineBlock.minecraft.spruce_stairs":2,"stat.useItem.cfm.item_flesh_cooked":8,"stat.mineBlock.cfm.freezer":2,"stat.killEntity.kidnapper_guest":1,"stat.useItem.minecraft.stone_slab2":67,"stat.useItem.minecraft.water_bucket":22,"stat.pickup.minecraft.rotten_flesh":21,"stat.pickup.minecraft.sand":8,"stat.craftItem.minecraft.furnace":12,"stat.pickup.knapm.latex_sack":1,"stat.craftItem.minecraft.stone_axe":1,"stat.craftItem.minecraft.iron_boots":1,"stat.useItem.minecraft.iron_ore":1,"stat.craftItem.minecraft.noteblock":1,"stat.craftItem.minecraft.stone_pickaxe":2,"stat.pickup.minecraft.cobblestone":167,"stat.useItem.minecraft.stone_shovel":15,"stat.craftItem.minecraft.stone_sword":1,"stat.flyOneCm":251194,"stat.mineBlock.minecraft.sand":5,"stat.killEntity.Witch":1,"stat.useItem.minecraft.cooked_beef":6,"stat.pickup.minecraft.redstone":84,"stat.mineBlock.minecraft.iron_ore":261,"stat.killEntity.kidnapper":5,"stat.timeSinceDeath":185516,"stat.useItem.minecraft.iron_pickaxe":472,"stat.cauldronFilled":1,"stat.craftItem.minecraft.wooden_pickaxe":1,"stat.drop.minecraft.spider_eye":1,"stat.pickup.knapm.wrap":1,"stat.craftItem.minecraft.iron_block":25,"stat.pickup.minecraft.double_plant":21,"stat.craftItem.minecraft.bed":4,"stat.pickup.minecraft.armor_stand":4,"stat.trappedChestTriggered":15,"stat.useItem.minecraft.potato":10,"stat.drop.securitycraft.keycard_holder":1,"stat.pickup.minecraft.stonebrick":1,"stat.furnaceInteraction":70,"stat.pickup.knapm.beam_panel_gag":1,"stat.killEntity.ZombieVillager":1,"stat.mineBlock.minecraft.coal_ore":238,"stat.killEntity.Creeper":3,"stat.pickup.minecraft.string":4,"stat.useItem.minecraft.double_plant":7,"stat.pickup.minecraft.beef":18,"stat.pickup.minecraft.furnace":13,"stat.craftItem.minecraft.stone_slab2":0,"stat.sprintOneCm":426606,"stat.craftItem.minecraft.wooden_axe":1,"stat.craftItem.minecraft.stick":108,"stat.craftItem.minecraft.gold_nugget":18,"stat.craftItem.minecraft.stone":1,"stat.useItem.minecraft.wheat_seeds":11,"stat.mineBlock.minecraft.crafting_table":16,"stat.waystones:waystonesActivated":1,"stat.useItem.minecraft.carrot":5,"stat.useItem.minecraft.dye":32,"stat.useItem.minecraft.bucket":22,"stat.drop":4,"stat.playOneMinute":185516,"stat.craftItem.minecraft.iron_pickaxe":2,"stat.killEntity.Zombie":18,"stat.craftItem.minecraft.dye":35,"stat.mineBlock.minecraft.gold_ore":18,"stat.mineBlock.minecraft.tallgrass":8,"stat.diveOneCm":9435,"stat.chestOpened":72,"stat.useItem.minecraft.stone":4,"stat.pickup.minecraft.arrow":11,"stat.useItem.minecraft.apple":8,"stat.craftItem.prefab.block_compressed_stone":4,"stat.useItem.minecraft.rotten_flesh":21,"stat.craftItem.minecraft.iron_nugget":64,"stat.jump":1412,"stat.pickup.minecraft.coal":421,"stat.fallOneCm":19539,"stat.pickup.minecraft.iron_ingot":1,"stat.pickup.minecraft.carrot":4,"stat.useItem.minecraft.stone_axe":24,"stat.pickup.minecraft.gunpowder":1,"stat.crouchOneCm":35604,"stat.pickup.minecraft.spider_eye":4,"stat.craftItem.minecraft.torch":348,"stat.craftItem.minecraft.iron_ingot":276,"stat.craftItem.minecraft.chest":1,"stat.pickup.minecraft.dirt":18,"stat.craftItem.minecraft.iron_helmet":1,"stat.craftingTableInteraction":69,"stat.pickup.minecraft.iron_ore":259,"stat.pickup.minecraft.gold_ore":18,"stat.craftItem.knapm.clothes":1,"stat.damageTaken":1555,"stat.pickup.minecraft.leather":12,"stat.killEntity.kidnapper_elite":11,"stat.mineBlock.minecraft.torch":19,"stat.mineBlock.minecraft.furnace":13,"stat.mineBlock.minecraft.red_flower":1,"stat.useItem.minecraft.wooden_pickaxe":23,"stat.useItem.minecraft.furnace":14,"stat.drop.prefab.item_start_house":3,"stat.pickup.minecraft.planks":8,"stat.pickup.minecraft.bed":2,"stat.cauldronUsed":1,"stat.pickup.minecraft.wheat_seeds":10,"stat.pickup.minecraft.potato":9,"stat.pickup.prefab.item_start_house":2,"stat.useItem.minecraft.stone_pickaxe":262,"stat.useItem.minecraft.stone_sword":134,"stat.craftItem.minecraft.iron_leggings":1,"stat.damageDealt":13006,"stat.craftItem.minecraft.glass":8,"stat.sleepInBed":2,"stat.killEntity.Cow":8,"stat.mineBlock.minecraft.dirt":16,"stat.pickup.knapm.sponge_gag":1,"stat.craftItem.minecraft.iron_sword":1,"stat.craftItem.minecraft.stone_shovel":1,"stat.walkOneCm":552417,"stat.useItem.minecraft.torch":283,"stat.pickup.minecraft.iron_nugget":73,"stat.craftItem.minecraft.redstone_block":4,"stat.pickup.minecraft.crafting_table":16,"stat.useItem.minecraft.cobblestone":68,"stat.craftItem.minecraft.crafting_table":3,"stat.mineBlock.minecraft.double_plant":9,"stat.pickup.prefab.item_moderate_house":1,"stat.pickup.minecraft.log":92,"stat.craftItem.minecraft.stone_button":1,"stat.craftItem.prefab.item_bundle_of_timber":6,"stat.craftItem.minecraft.gold_ingot":18,"stat.pickup.minecraft.tallgrass":2,"stat.pickup.minecraft.stone":58,"stat.craftItem.minecraft.iron_chestplate":1,"stat.drop.minecraft.gold_nugget":10,"stat.pickup.minecraft.sapling":99,"stat.pickup.minecraft.apple":8,"stat.pickup.minecraft.cooked_beef":1,"stat.pickup.minecraft.gold_ingot":7,"stat.killEntity.Skeleton":7,"stat.craftItem.minecraft.bucket":1,"stat.mineBlock.minecraft.stonebrick":1,"stat.craftItem.minecraft.planks":112,"stat.useItem.minecraft.iron_sword":128,"stat.pickup.cfm.freezer":2,"stat.killEntity.Spider":4,"stat.craftItem.minecraft.fishing_rod":1,"stat.mobKills":60,"stat.mineBlock.minecraft.log":94,"stat.craftItem.minecraft.shears":1,"stat.pickup.minecraft.torch":23,"stat.pickup.minecraft.spruce_stairs":2,"stat.mineBlock.minecraft.redstone_ore":10,"stat.sneakTime":10843,"stat.pickup.minecraft.wool":25,"stat.craftItem.minecraft.coal_block":12,"stat.useItem.minecraft.wooden_axe":8,"stat.mineBlock.minecraft.stone":209}