{"stat.chestOpened":6,"stat.cakeSlicesEaten":7,"stat.craftItem.cfm.freezer":1,"stat.pickup.minecraft.bone":11,"stat.useItem.minecraft.stone":4,"stat.leaveGame":2,"stat.pickup.minecraft.arrow":10,"stat.mineBlock.minecraft.cobblestone":2,"stat.useItem.minecraft.apple":8,"stat.craftItem.prefab.block_compressed_stone":4,"stat.useItem.minecraft.rotten_flesh":21,"stat.jump":1063,"stat.swimOneCm":22124,"stat.pickup.minecraft.coal":238,"stat.fallOneCm":11984,"stat.craftItem.minecraft.shield":1,"stat.useItem.cfm.item_flesh_cooked":8,"stat.useItem.minecraft.stone_axe":20,"stat.pickup.minecraft.gunpowder":1,"stat.crouchOneCm":32590,"stat.mineBlock.cfm.freezer":1,"stat.pickup.minecraft.spider_eye":4,"stat.craftItem.minecraft.torch":300,"stat.craftItem.minecraft.iron_ingot":110,"stat.craftItem.minecraft.chest":1,"stat.pickup.minecraft.dirt":15,"stat.craftItem.minecraft.iron_helmet":1,"stat.useItem.minecraft.stone_slab2":35,"stat.useItem.minecraft.water_bucket":20,"stat.craftingTableInteraction":21,"stat.pickup.minecraft.iron_ore":259,"stat.pickup.minecraft.rotten_flesh":21,"stat.pickup.minecraft.sand":8,"stat.craftItem.minecraft.furnace":4,"stat.pickup.minecraft.gold_ore":18,"stat.pickup.knapm.latex_sack":1,"stat.craftItem.minecraft.stone_axe":1,"stat.craftItem.minecraft.iron_boots":1,"stat.damageTaken":1447,"stat.useItem.minecraft.iron_ore":1,"stat.pickup.minecraft.leather":8,"stat.killEntity.kidnapper_elite":10,"stat.craftItem.minecraft.stone_pickaxe":2,"stat.mineBlock.minecraft.torch":6,"stat.mineBlock.minecraft.furnace":7,"stat.useItem.minecraft.wooden_pickaxe":23,"stat.useItem.minecraft.furnace":3,"stat.pickup.minecraft.cobblestone":167,"stat.useItem.minecraft.stone_shovel":15,"stat.craftItem.minecraft.stone_sword":1,"stat.flyOneCm":157359,"stat.mineBlock.minecraft.sand":5,"stat.killEntity.Witch":1,"stat.useItem.minecraft.stone_pickaxe":262,"stat.useItem.minecraft.stone_sword":134,"stat.craftItem.minecraft.iron_leggings":1,"stat.damageDealt":11606,"stat.pickup.minecraft.redstone":42,"stat.mineBlock.minecraft.iron_ore":261,"stat.killEntity.kidnapper":4,"stat.timeSinceDeath":120736,"stat.killEntity.Cow":5,"stat.useItem.minecraft.iron_pickaxe":461,"stat.mineBlock.minecraft.dirt":13,"stat.pickup.knapm.sponge_gag":1,"stat.craftItem.minecraft.wooden_pickaxe":1,"stat.drop.minecraft.spider_eye":1,"stat.craftItem.minecraft.iron_sword":1,"stat.pickup.knapm.wrap":1,"stat.craftItem.minecraft.iron_block":8,"stat.craftItem.minecraft.stone_shovel":1,"stat.pickup.minecraft.double_plant":21,"stat.walkOneCm":342623,"stat.useItem.minecraft.torch":283,"stat.trappedChestTriggered":15,"stat.pickup.minecraft.crafting_table":14,"stat.useItem.minecraft.cobblestone":68,"stat.craftItem.minecraft.crafting_table":1,"stat.furnaceInteraction":22,"stat.mineBlock.minecraft.double_plant":9,"stat.pickup.knapm.beam_panel_gag":1,"stat.killEntity.ZombieVillager":1,"stat.mineBlock.minecraft.coal_ore":238,"stat.killEntity.Creeper":3,"stat.pickup.minecraft.string":4,"stat.pickup.minecraft.log":92,"stat.pickup.minecraft.beef":12,"stat.pickup.minecraft.furnace":7,"stat.craftItem.minecraft.stone_slab2":0,"stat.craftItem.prefab.item_bundle_of_timber":6,"stat.pickup.minecraft.stone":58,"stat.craftItem.minecraft.iron_chestplate":1,"stat.pickup.minecraft.sapling":99,"stat.sprintOneCm":282071,"stat.pickup.minecraft.apple":8,"stat.craftItem.minecraft.wooden_axe":1,"stat.craftItem.minecraft.stick":96,"stat.killEntity.Skeleton":6,"stat.craftItem.minecraft.bucket":1,"stat.craftItem.minecraft.planks":72,"stat.useItem.minecraft.iron_sword":102,"stat.pickup.cfm.freezer":1,"stat.mineBlock.minecraft.crafting_table":14,"stat.killEntity.Spider":4,"stat.craftItem.minecraft.fishing_rod":1,"stat.waystones:waystonesActivated":1,"stat.mobKills":52,"stat.mineBlock.minecraft.log":94,"stat.useItem.minecraft.bucket":21,"stat.craftItem.minecraft.shears":1,"stat.drop":1,"stat.playOneMinute":120736,"stat.pickup.minecraft.torch":10,"stat.mineBlock.minecraft.redstone_ore":10,"stat.sneakTime":10168,"stat.craftItem.minecraft.iron_pickaxe":2,"stat.killEntity.Zombie":17,"stat.useItem.minecraft.wooden_axe":8,"stat.mineBlock.minecraft.gold_ore":18,"stat.mineBlock.minecraft.stone":209,"stat.mineBlock.minecraft.tallgrass":6,"stat.diveOneCm":8025}