{"stat.chestOpened":9,"stat.walkOneCm":67258,"stat.drop.prefab.item_advanced_warehouse":1,"stat.craftItem.minecraft.planks":12,"stat.leaveGame":1,"stat.pickup.minecraft.crafting_table":1,"stat.useItem.minecraft.log":2,"stat.mineBlock.minecraft.crafting_table":1,"stat.craftItem.minecraft.crafting_table":1,"stat.mineBlock.minecraft.log":11,"stat.pickup.minecraft.log":11,"stat.flyOneCm":58212,"stat.drop":2,"stat.pickup.minecraft.wheat_seeds":3,"stat.jump":95,"stat.mineBlock.minecraft.leaves":1,"stat.drop.minecraft.chicken":1,"stat.playOneMinute":27614,"stat.fallOneCm":538,"stat.pickup.prefab.item_advanced_warehouse":1,"stat.sneakTime":184,"stat.crouchOneCm":364,"stat.pickup.minecraft.chicken":1,"stat.timeSinceDeath":27614,"stat.pickup.minecraft.sapling":2,"stat.useItem.minecraft.wooden_axe":3,"stat.pickup.minecraft.yellow_flower":3,"stat.sprintOneCm":37490,"stat.useItem.minecraft.stone_slab2":32,"stat.craftItem.minecraft.stick":4,"stat.craftItem.minecraft.wooden_axe":1,"stat.craftingTableInteraction":1}