{"stat.chestOpened":3,"stat.useItem.minecraft.splash_potion":82,"stat.walkOneCm":377734,"stat.pickup.minecraft.bone":3,"stat.trappedChestTriggered":1,"stat.pickup.securitycraft.remote_access_sentry":1,"stat.pickup.cfm.ceiling_fan":1,"stat.pickup.prefab.item_fish_pond":1,"stat.pickup.minecraft.sign":1,"stat.leaveGame":2,"stat.pickup.minecraft.arrow":3,"stat.pickup.minecraft.stonebrick":1,"stat.pickup.securitycraft.sentry":2,"stat.pickup.securitycraft.keycard_holder":60,"stat.useItem.minecraft.lead":2,"stat.useItem.securitycraft.sentry":14,"stat.killEntity.Creeper":4,"stat.useItem.minecraft.diamond_sword":49,"stat.pickup.minecraft.string":3,"stat.drop.minecraft.sign":1,"stat.jump":480,"stat.swimOneCm":333,"stat.fallOneCm":961,"stat.climbOneCm":473,"stat.pickup.cfm.stereo":1,"stat.pickup.minecraft.gunpowder":5,"stat.pickup.knapm.ball_gag_strap":1,"stat.crouchOneCm":2300,"stat.useItem.cfm.tv_remote":7,"stat.pickup.securitycraft.keycard_lv1":128,"stat.pickup.minecraft.spider_eye":2,"stat.drop.prefab.block_paper_lantern":1,"stat.useItem.minecraft.dirt":2,"stat.sprintOneCm":162492,"stat.useItem.cfm.light_switch_off":13,"stat.pickup.minecraft.diamond_ore":1,"stat.useItem.minecraft.stone_slab2":1631,"stat.drop.minecraft.glass":1,"stat.craftingTableInteraction":2,"stat.pickup.minecraft.rotten_flesh":1,"stat.drop.securitycraft.projector":1,"stat.killEntity.Skeleton":4,"stat.pickup.prefab.item_tree_farm":1,"stat.drop.minecraft.grass_path":1,"stat.pickup.minecraft.grass":2,"stat.damageTaken":50,"stat.killEntity.Spider":4,"stat.killEntity.kidnapper_elite":1,"stat.pickup.minecraft.grass_path":1,"stat.useItem.minecraft.wooden_shovel":114,"stat.drop.prefab.item_start_house":2,"stat.mobKills":22,"stat.useItem.minecraft.stonebrick":1,"stat.pickup.cfm.blender":1,"stat.pickup.minecraft.planks":1,"stat.flyOneCm":416403,"stat.drop":10,"stat.pickup.minecraft.iron_door":2,"stat.pickup.knapm.vine_seed":1,"stat.pickup.minecraft.wheat_seeds":1,"stat.playOneMinute":154580,"stat.pickup.minecraft.lead":8,"stat.pickup.prefab.item_start_house":1,"stat.drop.minecraft.spruce_fence":1,"stat.sneakTime":3096,"stat.pickup.cfm.light_switch_off":4,"stat.damageDealt":3150,"stat.killEntity.Zombie":5,"stat.timeSinceDeath":154580,"stat.pickup.minecraft.stone_slab":1,"stat.drop.minecraft.torch":1,"stat.pickup.cfm.ceiling_light_off":1,"stat.hopperInspected":1,"stat.useItem.minecraft.sign":2,"stat.useItem.securitycraft.camera_monitor":18,"stat.useItem.minecraft.spawn_egg":9,"stat.drop.minecraft.grass":1,"stat.diveOneCm":31,"stat.useItem.minecraft.iron_door":3}