{"stat.pickup.minecraft.bone":3,"stat.pickup.cfm.ceiling_fan":1,"stat.pickup.minecraft.bookshelf":1,"stat.leaveGame":15,"stat.useItem.securitycraft.admin_tool":8,"stat.pickup.securitycraft.sentry":3,"stat.drop.securitycraft.reinforced_grass":1,"stat.drop.securitycraft.remote_access_sentry":1,"stat.pickup.securitycraft.keycard_holder":64,"stat.useItem.minecraft.lead":6,"stat.useItem.minecraft.diamond_sword":97,"stat.pickup.minecraft.flower_pot":7,"stat.drop.cfm.upgraded_fence_oak":1,"stat.pickup.cfm.item_super_soap_water":1,"stat.swimOneCm":18668,"stat.climbOneCm":6208,"stat.pickup.minecraft.writable_book":1,"stat.useItem.minecraft.dirt":2,"stat.pickup.knapm.paddle":1,"stat.useItem.minecraft.stone_slab2":8547,"stat.drop.securitycraft.camera_monitor":1,"stat.useItem.minecraft.water_bucket":1,"stat.pickup.minecraft.rotten_flesh":3,"stat.pickup.minecraft.anvil":1,"stat.pickup.minecraft.grass_path":2,"stat.useItem.minecraft.anvil":1,"stat.flyOneCm":1582076,"stat.drop.minecraft.sand":1,"stat.pickup.minecraft.redstone":3,"stat.pickup.knapm.shocker_controller":3,"stat.killEntity.kidnapper":1,"stat.timeSinceDeath":843790,"stat.hopperInspected":1,"stat.useItem.minecraft.sign":12,"stat.useItem.minecraft.spawn_egg":24,"stat.useItem.minecraft.iron_door":9,"stat.trappedChestTriggered":7,"stat.pickup.prefab.item_fish_pond":1,"stat.drop.securitycraft.keycard_holder":3,"stat.drop.minecraft.iron_bars":1,"stat.pickup.prefab.item_bundle_of_timber":6,"stat.pickup.minecraft.stonebrick":1,"stat.furnaceInteraction":1,"stat.drop.minecraft.dirt":1,"stat.killEntity.Creeper":8,"stat.pickup.minecraft.string":3,"stat.pickup.cfm.item_ink_cartridge":63,"stat.pickup.cfm.stereo":1,"stat.pickup.minecraft.furnace":2,"stat.useItem.minecraft.redstone":6,"stat.useItem.minecraft.written_book":2,"stat.sprintOneCm":739037,"stat.useItem.cfm.light_switch_off":206,"stat.pickup.knapm.blindfold_mask":1,"stat.useItem.minecraft.stone_slab":10,"stat.pickup.prefab.item_tree_farm":1,"stat.pickup.securitycraft.security_camera":3,"stat.pickup.minecraft.potion":2,"stat.pickup.minecraft.grass":2,"stat.useItem.minecraft.lingering_potion":34,"stat.pickup.knapm.shock_collar":3,"stat.useItem.minecraft.wooden_shovel":114,"stat.pickup.securitycraft.universal_block_reinforcer_lvl3":1,"stat.pickup.minecraft.lever":1,"stat.drop":32,"stat.playOneMinute":843790,"stat.pickup.cfm.plate":1,"stat.pickup.minecraft.clock":2,"stat.drop.knapm.clothes":1,"stat.killEntity.Zombie":10,"stat.pickup.minecraft.iron_bars":1,"stat.drop.minecraft.torch":1,"stat.pickup.cfm.ceiling_light_off":1,"stat.pickup.securitycraft.camera_monitor":2,"stat.useItem.securitycraft.camera_monitor":58,"stat.pickup.securitycraft.keypad_door_item":5,"stat.diveOneCm":28737,"stat.pickup.securitycraft.reinforced_grass":1,"stat.pickup.knapm.collar_key":3,"stat.chestOpened":17,"stat.useItem.minecraft.splash_potion":96,"stat.pickup.minecraft.pumpkin":1,"stat.pickup.securitycraft.remote_access_sentry":2,"stat.pickup.securitycraft.reinforced_iron_bars":1,"stat.pickup.minecraft.sign":5,"stat.pickup.minecraft.gravel":18,"stat.drop.minecraft.bookshelf":1,"stat.pickup.minecraft.arrow":3,"stat.useItem.securitycraft.sentry":21,"stat.pickup.minecraft.gold_nugget":10,"stat.useItem.minecraft.potion":2,"stat.useItem.securitycraft.keypad_door_item":6,"stat.jump":2141,"stat.fallOneCm":961,"stat.drop.prefab.item_moderate_house":1,"stat.pickup.minecraft.gunpowder":11,"stat.crouchOneCm":8969,"stat.useItem.cfm.tv_remote":7,"stat.pickup.minecraft.spider_eye":2,"stat.pickup.cfm.upgraded_fence_oak":1,"stat.pickup.minecraft.diamond_ore":1,"stat.drop.minecraft.glass":1,"stat.craftingTableInteraction":2,"stat.pickup.securitycraft.universal_block_modifier":1,"stat.damageTaken":50,"stat.killEntity.kidnapper_elite":2,"stat.drop.prefab.item_start_house":3,"stat.pickup.minecraft.planks":1,"stat.pickup.securitycraft.reinforced_stone_slabs":1,"stat.pickup.minecraft.bed":2,"stat.pickup.knapm.vine_seed":1,"stat.pickup.minecraft.wheat_seeds":14,"stat.pickup.minecraft.lead":23,"stat.pickup.prefab.item_start_house":6,"stat.pickup.knapm.armbinder":9,"stat.drop.minecraft.spruce_fence":1,"stat.damageDealt":6093,"stat.sleepInBed":1,"stat.pickup.securitycraft.alarm":2,"stat.walkOneCm":1993460,"stat.useItem.minecraft.torch":5,"stat.pickup.knapm.shibari":1,"stat.pickup.minecraft.iron_nugget":18,"stat.pickup.minecraft.crafting_table":2,"stat.drop.minecraft.tallgrass":1,"stat.drop.minecraft.lingering_potion":1,"stat.useItem.minecraft.lava_bucket":13,"stat.pickup.knapm.clothes":1,"stat.drop.minecraft.sign":1,"stat.drop.minecraft.stonebrick":1,"stat.pickup.minecraft.tallgrass":7,"stat.pickup.knapm.ball_gag_strap":2,"stat.pickup.securitycraft.keycard_lv1":190,"stat.pickup.knapm.bite_gag":1,"stat.drop.prefab.block_paper_lantern":1,"stat.pickup.minecraft.sapling":4,"stat.useItem.minecraft.tallgrass":8,"stat.drop.securitycraft.projector":1,"stat.killEntity.Skeleton":7,"stat.drop.minecraft.grass_path":1,"stat.pickup.prefab.block_compressed_stone":4,"stat.killEntity.Spider":6,"stat.mobKills":42,"stat.useItem.minecraft.stonebrick":1,"stat.pickup.cfm.blender":1,"stat.drop.cfm.ceiling_fan":1,"stat.drop.minecraft.prismarine":1,"stat.pickup.minecraft.iron_door":6,"stat.useItem.minecraft.writable_book":13,"stat.useItem.securitycraft.alarm":6,"stat.pickup.knapm.whip":1,"stat.pickup.minecraft.torch":17,"stat.pickup.minecraft.red_flower":3,"stat.sneakTime":10819,"stat.pickup.cfm.light_switch_off":4,"stat.pickup.minecraft.stone_slab":1,"stat.pickup.minecraft.yellow_flower":2,"stat.drop.minecraft.grass":4}