{"stat.chestOpened":6,"stat.pickup.minecraft.bone":3,"stat.pickup.minecraft.sign":12,"stat.leaveGame":7,"stat.pickup.minecraft.arrow":1,"stat.pickup.knapm.tube_gag":1,"stat.drop.minecraft.red_mushroom":1,"stat.pickup.securitycraft.sentry":2,"stat.pickup.securitycraft.keycard_holder":120,"stat.useItem.securitycraft.sentry":6,"stat.pickup.minecraft.flower_pot":2,"stat.useItem.minecraft.diamond_sword":5,"stat.jump":750,"stat.swimOneCm":1979,"stat.climbOneCm":637,"stat.crouchOneCm":5456,"stat.pickup.minecraft.red_mushroom":2,"stat.useItem.minecraft.stone_slab2":3056,"stat.pickup.minecraft.anvil":1,"stat.pickup.minecraft.grass_path":1,"stat.flyOneCm":587673,"stat.pickup.minecraft.wheat_seeds":23,"stat.pickup.prefab.item_advanced_warehouse":1,"stat.drop.minecraft.wheat_seeds":2,"stat.pickup.minecraft.diamond_axe":1,"stat.damageDealt":621,"stat.timeSinceDeath":234413,"stat.useItem.minecraft.sign":6,"stat.drop.prefab.item_villager_houses":1,"stat.walkOneCm":511950,"stat.trappedChestTriggered":3,"stat.drop.prefab.item_advanced_warehouse":1,"stat.drop.securitycraft.floor_trap":1,"stat.pickup.minecraft.stonebrick":1,"stat.furnaceInteraction":1,"stat.pickup.minecraft.carpet":4,"stat.useItem.minecraft.lava_bucket":18,"stat.drop.minecraft.stone_slab":1,"stat.drop.minecraft.sign":1,"stat.drop.knapm.shibari":1,"stat.drop.minecraft.stonebrick":1,"stat.pickup.minecraft.chicken":1,"stat.pickup.securitycraft.keycard_lv1":256,"stat.pickup.minecraft.sapling":6,"stat.sprintOneCm":203852,"stat.pickup.minecraft.wooden_door":1,"stat.useItem.minecraft.diamond_shovel":303,"stat.killEntity.Skeleton":1,"stat.useItem.minecraft.stone_slab":19,"stat.drop.minecraft.grass_path":1,"stat.pickup.securitycraft.security_camera":1,"stat.pickup.minecraft.grass":1,"stat.useItem.securitycraft.keypad_item":1,"stat.waystones:waystonesActivated":1,"stat.mobKills":2,"stat.useItem.minecraft.stonebrick":238,"stat.drop.prefab.item_instant_bridge":1,"stat.drop":17,"stat.pickup.minecraft.egg":2,"stat.playOneMinute":234413,"stat.pickup.minecraft.stone_button":1,"stat.pickup.minecraft.red_flower":1,"stat.sneakTime":6473,"stat.drop.minecraft.redstone_block":1,"stat.killEntity.Zombie":1,"stat.pickup.securitycraft.camera_monitor":1,"stat.useItem.securitycraft.camera_monitor":20,"stat.drop.minecraft.grass":4,"stat.diveOneCm":712}