{"stat.chestOpened":5,"stat.walkOneCm":407020,"stat.drop.prefab.item_advanced_warehouse":1,"stat.pickup.minecraft.sign":1,"stat.leaveGame":5,"stat.drop.securitycraft.floor_trap":1,"stat.pickup.minecraft.stonebrick":1,"stat.furnaceInteraction":1,"stat.drop.minecraft.red_mushroom":1,"stat.pickup.securitycraft.sentry":2,"stat.pickup.securitycraft.keycard_holder":120,"stat.useItem.securitycraft.sentry":6,"stat.pickup.minecraft.flower_pot":2,"stat.drop.minecraft.sign":1,"stat.jump":606,"stat.drop.minecraft.stonebrick":1,"stat.climbOneCm":637,"stat.pickup.minecraft.chicken":1,"stat.crouchOneCm":3540,"stat.pickup.securitycraft.keycard_lv1":256,"stat.pickup.minecraft.sapling":6,"stat.sprintOneCm":165266,"stat.pickup.minecraft.red_mushroom":2,"stat.pickup.minecraft.wooden_door":1,"stat.useItem.minecraft.diamond_shovel":303,"stat.useItem.minecraft.stone_slab2":2729,"stat.useItem.minecraft.stone_slab":19,"stat.pickup.securitycraft.security_camera":1,"stat.useItem.securitycraft.keypad_item":1,"stat.pickup.minecraft.anvil":1,"stat.useItem.minecraft.stonebrick":238,"stat.flyOneCm":391296,"stat.pickup.minecraft.wheat_seeds":23,"stat.drop":10,"stat.pickup.minecraft.egg":2,"stat.playOneMinute":175302,"stat.pickup.minecraft.stone_button":1,"stat.pickup.prefab.item_advanced_warehouse":1,"stat.drop.minecraft.wheat_seeds":2,"stat.pickup.minecraft.diamond_axe":1,"stat.pickup.minecraft.red_flower":1,"stat.sneakTime":4808,"stat.drop.minecraft.redstone_block":1,"stat.damageDealt":6,"stat.timeSinceDeath":175302,"stat.pickup.securitycraft.camera_monitor":1,"stat.useItem.securitycraft.camera_monitor":6,"stat.drop.minecraft.grass":1,"stat.drop.prefab.item_villager_houses":1}