{"stat.pickup.minecraft.bone":2,"stat.useItem.minecraft.iron_axe":21,"stat.leaveGame":6,"stat.pickup.minecraft.flint":3,"stat.craftItem.minecraft.iron_axe":1,"stat.pickup.securitycraft.keycard_holder":1,"stat.swimOneCm":2717,"stat.craftItem.minecraft.shield":1,"stat.pickup.minecraft.porkchop":13,"stat.useItem.minecraft.stone_slab2":16,"stat.pickup.minecraft.rotten_flesh":3,"stat.craftItem.minecraft.furnace":2,"stat.craftItem.minecraft.stone_axe":1,"stat.craftItem.minecraft.iron_boots":1,"stat.craftItem.minecraft.stone_pickaxe":3,"stat.craftItem.minecraft.cooked_beef":10,"stat.pickup.minecraft.cobblestone":75,"stat.flyOneCm":93678,"stat.craftItem.minecraft.iron_shovel":1,"stat.useItem.minecraft.cooked_beef":1,"stat.mineBlock.minecraft.iron_ore":89,"stat.killEntity.kidnapper":2,"stat.timeSinceDeath":84167,"stat.craftItem.minecraft.wooden_pickaxe":1,"stat.useItem.minecraft.iron_shovel":18,"stat.pickup.minecraft.double_plant":7,"stat.furnaceInteraction":43,"stat.useItem.minecraft.cooked_porkchop":5,"stat.mineBlock.minecraft.coal_ore":155,"stat.pickup.minecraft.shield":1,"stat.pickup.minecraft.beef":10,"stat.craftItem.minecraft.stone_slab2":0,"stat.sprintOneCm":155668,"stat.craftItem.minecraft.stick":48,"stat.craftItem.minecraft.wooden_axe":1,"stat.useItem.minecraft.flint_and_steel":4,"stat.mineBlock.minecraft.crafting_table":2,"stat.playOneMinute":84167,"stat.craftItem.minecraft.iron_pickaxe":3,"stat.useItem.minecraft.shears":3,"stat.killEntity.Zombie":2,"stat.mineBlock.minecraft.tallgrass":2,"stat.diveOneCm":1551,"stat.chestOpened":5,"stat.pickup.minecraft.gravel":18,"stat.pickup.minecraft.arrow":2,"stat.craftItem.minecraft.cooked_porkchop":13,"stat.useItem.minecraft.apple":5,"stat.useItem.minecraft.rotten_flesh":3,"stat.craftItem.minecraft.iron_nugget":18,"stat.jump":812,"stat.pickup.minecraft.coal":155,"stat.fallOneCm":15686,"stat.useItem.minecraft.stone_axe":15,"stat.crouchOneCm":673,"stat.pickup.minecraft.spider_eye":1,"stat.craftItem.minecraft.torch":60,"stat.craftItem.minecraft.iron_ingot":89,"stat.craftItem.minecraft.chest":1,"stat.craftItem.minecraft.iron_helmet":1,"stat.craftingTableInteraction":18,"stat.pickup.minecraft.iron_ore":89,"stat.useItem.minecraft.sapling":28,"stat.craftItem.minecraft.flint_and_steel":1,"stat.craftItem.knapm.clothes":1,"stat.damageTaken":536,"stat.pickup.minecraft.leather":5,"stat.pickup.minecraft.feather":3,"stat.killEntity.kidnapper_elite":1,"stat.mineBlock.minecraft.torch":1,"stat.useItem.minecraft.wooden_pickaxe":53,"stat.mineBlock.minecraft.gravel":19,"stat.useItem.minecraft.stone_pickaxe":266,"stat.craftItem.minecraft.iron_leggings":1,"stat.damageDealt":3369,"stat.useItem.minecraft.wool":3,"stat.killEntity.Cow":6,"stat.killEntity.Pig":7,"stat.craftItem.minecraft.iron_sword":1,"stat.walkOneCm":195611,"stat.useItem.minecraft.torch":46,"stat.pickup.minecraft.crafting_table":2,"stat.useItem.minecraft.cobblestone":5,"stat.craftItem.minecraft.crafting_table":3,"stat.mineBlock.minecraft.double_plant":3,"stat.pickup.minecraft.log":174,"stat.pickup.minecraft.stone":1,"stat.craftItem.minecraft.iron_chestplate":1,"stat.pickup.minecraft.chicken":4,"stat.mineBlock.minecraft.wool":3,"stat.pickup.minecraft.sapling":62,"stat.pickup.minecraft.apple":5,"stat.killEntity.Skeleton":2,"stat.pickup.knapm.ribbon":1,"stat.craftItem.minecraft.planks":56,"stat.useItem.minecraft.iron_sword":37,"stat.killEntity.Chicken":4,"stat.killEntity.Spider":2,"stat.mobKills":26,"stat.mineBlock.minecraft.log":164,"stat.craftItem.minecraft.shears":1,"stat.craftItem.minecraft.cooked_chicken":4,"stat.mineBlock.minecraft.leaves":13,"stat.pickup.minecraft.torch":1,"stat.pickup.minecraft.red_flower":5,"stat.sneakTime":296,"stat.pickup.minecraft.wool":44,"stat.craftItem.knapm.ropes":8,"stat.useItem.minecraft.wooden_axe":24,"stat.mineBlock.minecraft.stone":76}