{
  "cfm:careful": {
    "criteria": {
      "player_zapped": "2024-06-20 02:03:59 +0000"
    },
    "done": true
  },
  "cfm:house_party": {
    "criteria": {
      "stereo_activated": "2024-06-20 02:12:17 +0000"
    },
    "done": true
  },
  "cfm:root": {
    "criteria": {
      "tick": "2024-06-20 01:48:21 +0000"
    },
    "done": true
  },
  "cfm:install": {
    "criteria": {
      "tick": "2024-06-20 01:48:21 +0000"
    },
    "done": true
  },
  "minecraft:adventure/adventuring_time": {
    "criteria": {
      "forest": "2024-06-20 12:55:13 +0000",
      "forest_hills": "2024-06-20 02:04:08 +0000",
      "plains": "2024-06-20 01:48:21 +0000"
    },
    "done": false
  }
}